"Name","LockedForChronos","Disabled","ItemName","WeaponSkill","UltimateSkill","Pet","Speed","Hitpoints","MeleeAutoAttackSplashDamage","AutoAttackSpeedMs","AutoAttackDamage","AutoAttackBulletsPerShot","AutoAttackMode","AutoAttackProjectileSpread","AutoAttackProjectile","AutoAttackRange","RegeneratePerSecond","UltiChargeMul","UltiChargeUltiMul","Type","DamagerPercentFromAliens","DefaultSkin","FileName","BlueExportName","RedExportName","ShadowExportName","AreaEffect","DeathAreaEffect","TakeDamageEffect","DeathEffect","MoveEffect","ReloadEffect","OutOfAmmoEffect","DryFireEffect","SpawnEffect","MeleeHitEffect","AutoAttackStartEffect","BoneEffect1","BoneEffect2","BoneEffect3","BoneEffect4","BoneEffectUse","LoopedEffect","LoopedEffect2","KillCelebrationSoundVO","InLeadCelebrationSoundVO","StartSoundVO","UseUltiSoundVO","TakeDamageSoundVO","DeathSoundVO","AttackSoundVO","AttackStartEffectOffset","TwoWeaponAttackEffectOffset","ShadowScaleX","ShadowScaleY","ShadowX","ShadowY","ShadowSkew","Scale","HeroScreenScale","FitToBoxScale","EndScreenScale","GatchaScreenScale","HomeScreenScale","ShowPetInHeroScreen","HeroScreenXOffset","HeroScreenZOffset","HeroScreenEmoteX","HeroScreenEmoteY","CollisionRadius","HealthBar","HealthBarOffsetY","FlyingHeight","ProjectileStartZ","StopMovementAfterMS","WaitMS","TID","ForceAttackAnimationToEnd","IconSWF","IconExportName","RecoilAmount","Homeworld","FootstepClip","DifferentFootstepOffset","FootstepIntervalMS","AttackingWeaponScale","UseThrowingLeftWeaponBoneScaling","UseThrowingRightWeaponBoneScaling","CommonSetUpgradeBonus","RareSetUpgradeBonus","SuperRareSetUpgradeBonus","CanWalkOverWater","UseColorMod","RedAdd","GreenAdd","BlueAdd","RedMul","GreenMul","BlueMul","ChargeUltiAutomatically","VideoLink","ShouldEncodePetStatus","SecondaryPet","ExtraMinions","PetAutoSpawnDelay","HasPowerLevels","OffenseRating","DefenseRating","UtilityRating"
"string","boolean","boolean","string","string","string","string","int","int","boolean","int","int","int","string","int","string","int","int","int","int","String","int","string","string","string","string","string","string","string","string","string","string","string","string","string","string","string","string","string","string","string","string","string","string","string","string","string","string","string","string","string","string","int","int","int","int","int","int","int","int","int","int","int","int","int","boolean","int","int","int","int","int","string","int","int","int","int","int","string","boolean","string","string","int","string","string","int","int","int","boolean","boolean","int","int","int","boolean","boolean","int","int","int","int","int","int","int","string","boolean","boolean","int","int","boolean","int","int","int"
"ShotgunGirl",,,"shelly","ShotgunGirlWeapon","ShotgunGirlUlti",,720,3800,,,,,,,,12,,134,112,"Hero",,"BanditGirlDefault",,,,,,,"takedamage_gen","death_shotgun_girl","Gen_move_fx","reload_shotgun_girl","No_ammo_shotgungirl","Dry_fire_shotgungirl",,,,,,,,,,,"Shelly_Kill","Shelly_Lead","Shelly_Start","Utilshotgun_Vo","ShellyTakedamge_Vo","Shelly_Die",,30,,80,80,,,35,116,210,284,90,175,260,,,,-25,40,120,"Medium",-48,,450,,,"TID_SHOTGUN_GIRL",,"sc/ui.sc","hero_icon_shelly",1000,"human","footstep",25,250,200,,,1,3,2,,,,,,,,,,"ShellyTutorial",,,,,,4,3,2
"Gunslinger",,,"colt","GunslingerWeapon","GunslingerUlti",,720,2800,,,,,,,,12,,105,87,"Hero",,"GunSlingerDefault",,,,,,,"takedamage_gen","death_gunslinger","Gen_move_fx","reload_gunslinger","No_ammo_shotgungirl","Dry_fire_shotgungirl",,,,,,,,,,,"Hotshot_Kill","Hotshot_Lead","Hotshot_Start","Hotshot_Ulti","Hotshot_Takedamge_Vo","Hotshot_Die",,35,50,80,80,,,35,116,210,284,90,185,270,,,,-30,40,120,"Medium",-52,,400,,,"TID_GUNSLINGER",,"sc/ui.sc","hero_icon_colt",300,"human","footstep",25,300,160,,,2,3,1,,,,,,,,,,"ColtTutorial",,,,,,5,2,2
"BullDude",,,"bull","BullDudeWeapon","BullDudeUlti",,770,5000,,,,,,,,12,,100,150,"Hero",,"BullGuyDefault",,,,,,,"takedamage_gen","death_bull_dude","Gen_move_fx","reload_bull_dude","No_ammo_shotgungirl","Dry_fire_shotgungirl",,,,,,,,,,,"Bull_kill","Bull_lead","Bull_start","Bull_ulti","Bull_takedamage_vo","Bull_die",,40,,80,80,,,35,116,175,236,80,150,220,,,,-30,45,145,"Medium",-64,,450,,,"TID_BULL_DUDE",,"sc/ui.sc","hero_icon_bull",600,"human","footstep",40,300,130,,,1,2,3,,,,,,,,,,"BullTutorial",,,,,,3,4,2
"RocketGirl",,,"brock","RocketGirlWeapon","RocketGirlUlti",,720,2600,,,,,,,,12,,100,80,"Hero",,"RocketGirlDefault",,,,,,,"takedamage_gen","death_rocket_girl","Gen_move_fx","reload_rocket_girl","No_ammo_shotgungirl","Brock_dryfire",,,,,,,,,,,"Brock_kill_vo","Brock_lead_vo","Brock_start_vo","Brock_ulti_vo","Brock_hurt_vo","Brock_die_vo",,35,,80,80,,,35,116,200,270,90,180,260,,,,-50,,120,"Medium",-52,,500,,,"TID_ROCKET_GIRL",,"sc/ui.sc","hero_icon_brock",300,"human","footstep",25,500,100,,,2,3,1,,,,,,,,,,"BrockTutorial",,,,,,5,2,2
"TrickshotDude",,,"ricochet","TrickshotDudeWeapon","TrickshotDudeUlti",,720,2600,,,,,,,,12,,105,105,"Hero",,"TrickshotDefault",,,,,,,"takedamage_gen","death_trickshot_dude","Gen_move_fx","reload_trickshot_dude","No_ammo_shotgungirl","dry_fire_mechanic",,,,,,,,,,,"Rick_kill","Rick_lead","Rick_start","Rick_ulti","Rick_hurt","Rick_die",,60,,80,80,,,35,116,200,280,90,175,260,,,,-40,,120,"Medium",-49,,450,,,"TID_TRICKSHOT_DUDE",,"sc/ui.sc","hero_icon_rick",300,"human","footstep",25,300,160,,,2,3,1,,,,,,,,,,"RicoTutorial",,,,,,5,2,2
"Cactus",,,"spike","CactusWeapon","CactusUlti",,720,2400,,,,,,,,12,,103,125,"Hero",,"CactusDefault",,,,,,,"takedamage_gen","death_cactus","Gen_move_fx","reload_cactus","No_ammo_shotgungirl","crow_dryfire",,,,,,,,,,,,,,,,,,35,,80,80,,,35,116,240,324,80,210,290,,,,,50,120,"Medium",-32,,450,,,"TID_CACTUS",,"sc/ui.sc","hero_icon_spike",0,"human","footstep",40,300,100,"true","true",2,1,3,,,,,,,,,,"SpikeTutorial",,,,,,4,2,3
"Barkeep",,,"barley","BarkeepWeapon","BarkeepUlti",,720,2400,,,,,,,,12,,100,74,"Hero",,"BarkeepDefault",,,,,,,"takedamage_gen","death_barkeep","Gen_move_fx","reload_barkeep","No_ammo_shotgungirl","dry_fire_barkeep",,,,,,,,,,,"Barley_Kill","Barley_Lead","Barley_Start","Barley_Ulti","Barley_Hurt","Barley_Die","Barley_throw",,,80,80,,,35,116,190,290,80,180,250,,,,-30,,120,"Medium",-45,,350,,,"TID_BARKEEP",,"sc/ui.sc","hero_icon_barley",0,"human","footstep",25,300,100,"true","true",2,3,1,,,,,,,,,,"BarleyTutorial",,,,,,5,2,2
"Mechanic",,,"jessie","MechanicWeapon","MechanicUlti",,720,3200,,,,,,,,12,,80,97,"Hero",,"MechanicDefault",,,,,,,"takedamage_gen","death_mechanic","Gen_move_fx","reload_mechanic","No_ammo_shotgungirl","dry_fire_mechanic",,,,,,,,,,,"Jess_kill","Jess_lead","Jess_start","Jess_ulti","Jess_takedamage","Jess_die",,35,,80,80,,,35,116,190,300,80,150,270,"true",-800,100,-80,60,120,"Medium",-47,,350,,,"TID_MECHANIC",,"sc/ui.sc","hero_icon_jess",500,"human","footstep",20,200,160,,,3,2,1,,,,,,,,,,"JessieTutorial",,,,,,3,2,4
"Shaman",,,"nita","ShamanWeapon","ShamanUlti",,720,4000,,,,,,,,12,,84,100,"Hero",,"ShamanDefault",,,,,,,"takedamage_gen","death_shaman","Gen_move_fx",,"No_ammo_shotgungirl","dry_fire_barkeep",,,,,,,,,,,"Nita_kill","Nita_lead","Nita_start","Nita_ulti","Nita_hurt","Nita_death",,35,,80,80,,,35,116,190,250,80,150,270,"true",-600,1000,-270,80,120,"Medium",-46,,100,,,"TID_SHAMAN",,"sc/ui.sc","hero_icon_nita",1000,"human","footstep",25,250,160,,,3,1,2,,,,,,,,,,"NitaTutorial",,,,,,3,4,2
"TntDude",,,"dynamike","TntDudeWeapon","TntDudeUlti","TntPet",720,2800,,,,,,,,12,,125,91,"Hero",,"TntGuyDefault",,,,,,,"takedamage_gen","death_tnt_dude","Gen_move_fx","reload_tnt_dude","No_ammo_shotgungirl","dry_fire_barkeep",,,,,,,,,,,"Tnt_guy_kill_vo","Tnt_guy_lead_vo","Tnt_guy_start_vo","Tnt_guy_ulti_vo","Tnt_guy_hurt_vo","Tnt_guy_die_vo",,35,,80,80,,,35,116,190,300,80,150,270,,,,,60,120,"Medium",-50,,350,,,"TID_TNT_DUDE",,"sc/ui.sc","hero_icon_mike",0,"human","footstep",25,200,100,"true","true",2,1,3,,,,,,,,,,"MikeTutorial",,,,,,5,2,2
"Luchador",,,"elprimo","LuchadorWeapon","LuchadorUlti",,770,6000,,,,,,,,12,,124,125,"Hero",,"LuchadorDefault",,,,,,,"takedamage_gen","death_luchador","Gen_move_fx",,"No_ammo_shotgungirl","dry_fire_barkeep",,"Gen_hit_melee",,,,,,,,,"El_primo_kill","El_primo_lead","El_primo_start","El_primo_ulti","El_primo_hurt","El_primo_die","El_primo_atk",50,50,80,80,,,35,116,170,245,80,150,235,,,,-230,,145,"Medium",-56,,400,,,"TID_LUCHADOR",,"sc/ui.sc","hero_icon_primo",0,"human","footstep",40,250,130,,,1,3,2,,,,,,,,,,"PrimpTutorial",,,,,,2,5,2
"Undertaker",,,"mortis","UndertakerWeapon","UndertakerUlti",,820,3800,,,,,,,,12,,89,134,"Hero",,"UndertakerDefault",,,,,,,"takedamage_gen","death_undertaker","Gen_move_fx","reload_undertaker","No_ammo_shotgungirl","dry_fire_barkeep",,"Dummy_effect",,,,,,,,,"Mortis_kill","Mortis_lead","Mortis_start","Mortis_ulti_vo","Mortis_hurt","Mortis_die","Mortis_atk_vo",50,,80,80,,,35,130,200,285,95,170,260,,,,,20,120,"Medium",-59,,350,,,"TID_UNDERTAKER",,"sc/ui.sc","hero_icon_mortis",0,"human","footstep",25,350,165,,,1,2,3,,,,,,,,,,"MortisTutorial",,,,,,2,3,4
"Crow",,,"crow","CrowWeapon","CrowUlti",,820,2400,,,,,,,,12,,84,75,"Hero",,"CrowDefault",,,,,,,"takedamage_gen","death_crow","Gen_move_fx","reload_crow","No_ammo_shotgungirl","crow_dryfire",,,,,,,,,,,"Crow_Kill","Crow_Lead","Crow_Start","Crow_Ulti","Crow_Takedamage","Crow_Die",,45,,80,80,,,35,116,230,350,90,210,290,,,,-10,20,120,"Medium",-41,,400,,,"TID_CROW",,"sc/ui.sc","hero_icon_crow",0,"human","footstep",20,200,100,"true","true",2,1,3,,,,,,,,,,"CrowTutorial",,,,,,5,1,3
"DeadMariachi",,,"poco","DeadMariachiWeapon","DeadMariachiUlti",,720,4000,,,,,,,,12,,122,150,"Hero",,"DeadMariachiDefault",,,,,,,"takedamage_gen","death_dead_mariachi","Gen_move_fx","reload_dead_mariachi","No_ammo_shotgungirl","dry_fire_barkeep",,,,,,,,,,,"Poco_kill","Poco_lead","Poco_start","Poco_ulti_vo","Poco_hurt","Poco_die",,20,,80,80,,,35,116,200,300,85,180,260,,,,,60,120,"Medium",-56,,0,,,"TID_DEAD_MARIACHI",,"sc/ui.sc","hero_icon_poco",0,"human","footstep",25,250,100,,,1,3,2,,,,,,,,,,"PocoTutorial",,,,,,2,3,4
"BowDude",,,"bo","BowDudeWeapon","BowDudeUlti",,720,3600,,,,,,,,12,,86,93,"Hero",,"BowDudeDefault",,,,,,,"takedamage_gen","death_bow_dude","Gen_move_fx","reload_bow_dude","No_ammo_shotgungirl","dry_fire_bowdude",,,,,,,,,,,"Bo_kill","Bo_lead","Bo_start","Bo_ulti_vo","Bo_hurt","Bo_die","Bo_atk_vo",45,,80,80,,,35,106,170,245,75,165,220,,-150,,-40,,120,"Medium",-56,,400,,,"TID_BOW_DUDE",,"sc/ui.sc","hero_icon_bo",0,"human","footstep",30,300,100,"true",,1,2,3,,,,,,,,,,"BoTutorial",,,,,,3,2,4
"Sniper",,,"piper","SniperWeapon","SniperUlti",,720,2400,,,,,,,,12,,97,90,"Hero",,"SniperDefault",,,,,,,"takedamage_gen","death_sniper","Gen_move_fx","reload_sniper","No_ammo_shotgungirl","Minig_dryfire",,,,,,,,,,,"Piper_Kill","Piper_Lead","Piper_Start","Piper_Ulti","Piper_Takedamage","Piper_Die",,45,,80,80,,,35,116,200,320,90,190,260,,,,,,120,"Medium",-46,,450,,,"TID_SNIPER",,"sc/ui.sc","hero_icon_piper",100,"human","footstep",25,400,160,,,2,3,1,,,,,,,,,,"PiperTutorial",,,,,,5,1,3
"MinigunDude",,,"pam","MinigunDudeWeapon","MinigunDudeUlti",,720,4800,,,,,,,,12,,105,130,"Hero",,"MinigunDudeDefault",,,,,,,"takedamage_gen","death_minigun","Gen_move_fx","reload_minigun","No_ammo_shotgungirl","Minig_dryfire",,,,,,,,,,,"Pam_kill","Pam_lead","Pam_start","Pam_ulti","Pam_hurt","Pam_die",,40,,80,80,,,35,106,170,245,75,150,220,"true",-500,,-80,,145,"Medium",-59,,450,,,"TID_MINIGUN_DUDE",,"sc/ui.sc","hero_icon_mj",400,"human","footstep",30,400,130,,,1,3,2,,,,,,,,,,"PamTutorial",,,,,,2,4,3
"BlackHole",,,"tara","BlackHoleWeapon","BlackHoleUlti","BlackHolePet",720,3400,,,,,,,,12,,73,90,"Hero",,"BlackholeDefault",,,,,,,"takedamage_gen","death_blackhole","Gen_move_fx","reload_blackhole","No_ammo_shotgungirl","Mystic_dryfire",,,,,,,,,,,"Tara_kill_vo","Tara_lead_vo","Tara_start_vo",,"Tara_hurt_vo","Tara_die_vo",,50,,80,80,,,35,120,210,300,90,175,270,,,,-20,30,120,"Medium",-59,,450,,,"TID_BLACK_HOLE",,"sc/ui.sc","hero_icon_taro",400,"human","footstep",25,300,130,,,1,2,3,,,,,,,,,,"TaraTutorial",,,,,,2,2,5
"BarrelBot",,,"darryl","BarrelBotWeapon","BarrelBotUlti",,770,5000,,,,,,,,12,,117,120,"Hero",,"BarrelbotDefault",,,,,,,"takedamage_gen","death_barrel_bot","Gen_move_fx","reload_barrel_bot","No_ammo_shotgungirl","Dry_fire_shotgungirl",,,,,,,,,,,"Darryl_Kill_VO","Darryl_Lead_VO","Darryl_Start_VO","Darryl_Ulti_VO","Darryl_Hurt_VO","Darryl_Die_VO",,50,0,80,80,,,35,116,190,257,80,175,230,,,,,80,145,"Medium",-48,,450,,,"TID_BARREL_BOT",,"sc/ui.sc","hero_icon_barrelbot",600,"human","footstep",40,300,130,,,1,2,3,,,,,,,,,33,"DarrylTutorial",,,,,,3,4,2
"ArtilleryDude",,,"penny","ArtilleryDudeWeapon","ArtilleryDudeUlti",,720,3200,,,,,,,,12,,93,100,"Hero",,"ArtilleryGalDefault",,,,,,,"takedamage_gen","death_artillery_dude","Gen_move_fx","reload_artillery_dude","No_ammo_shotgungirl","dry_fire_mechanic",,,,,,,,,,,"Penny_kill","Penny_lead","Penny_start","Penny_ulti","Penny_takedamage","Penny_die",,35,,80,80,,,35,110,190,290,80,150,260,"true",-500,600,-80,60,120,"Medium",-45,,400,,,"TID_ARTILLERY_DUDE",,"sc/ui.sc","hero_icon_penny",500,"human","footstep",20,200,160,,,3,2,1,,,,,,,,,,"PennyTutorial",,,,,,3,2,4
"HammerDude",,,"frank","HammerDudeWeapon","HammerDudeUlti",,770,6400,,,,,,,,12,,120,120,"Hero",,"FrankDefault",,,,,,,"takedamage_gen","death_hammer_dude","Gen_move_fx",,"No_ammo_shotgungirl","dry_fire_barkeep",,,,,,,,,,,"Frank_vo","Frank_vo","Frank_vo","Frank_vo","Frank_vo","Frank_vo","Frank_vo",75,,80,80,,,35,110,150,240,80,150,230,,,,,,145,"Medium",-60,,100,,,"TID_HAMMER_DUDE",,"sc/ui.sc","hero_icon_frank",0,"human","footstep",40,250,130,,,1,3,2,,,,,,,,,,"FrankTutorial",,,,,,2,5,2
"HookDude",,,"gene","HookWeapon","HookUlti",,720,3400,,,,,,,,12,,134,100,"Hero",,"HookDefault",,,,,,,"takedamage_gen","death_hook_dude","Gen_move_fx","reload_gene","No_ammo_shotgungirl","dry_fire_gene",,,,,,,,,,,"Gene_vo","Gene_vo","Gene_vo","Gene_vo","Gene_vo","Gene_vo",,30,,80,80,,,35,116,230,340,90,175,270,,,,,,120,"Medium",-36,,350,,,"TID_HOOK",,"sc/ui.sc","hero_icon_gene",0,"human","footstep",25,350,200,,,1,3,2,,,,,,,,,,"GeneTutorial",,,,,,2,2,5
"ClusterBombDude",,,"tick","ClusterBombDudeWeapon","ClusterBombDudeUlti",,720,2200,,,,,,,,12,,100,70,"Hero",,"ClusterBombDefault",,,,,,,"takedamage_gen","death_artillery_dude","Gen_move_fx","reload_tick","No_ammo_shotgungirl","Dry_fire_shotgungirl",,,,,,,,,,,"Tick_vo_1","Tick_vo_1","Tick_vo_1","Tick_vo_1","Tick_vo_hurt","Tick_vo_die",,35,,80,80,,,35,110,230,340,80,150,270,,,,-20,50,120,"Medium",-40,,350,,,"TID_CLUSTER_BOMB_DUDE",,"sc/ui.sc","hero_icon_tick",0,"human","footstep",85,300,160,,,3,2,1,,,,,,,,,,,"true",,,,,5,1,3
"Ninja",,,"leon","NinjaWeapon","NinjaUlti",,820,3200,,,,,,,,12,,105,100,"Hero",,"NinjaDefault",,,,,,,"takedamage_gen","death_ninja","Gen_move_fx","reload_leon","No_ammo_shotgungirl","Dry_fire_leon",,,,,,,,,,,"Leon_kill_vo","Leon_lead_vo","Leon_start_vo","Leon_ulti_vo","Leon_hurt_vo","Leon_die_vo",,50,,80,80,,,35,116,190,330,80,150,270,,,,,,120,"Medium",-55,,450,,,"TID_NINJA",,"sc/ui.sc","hero_icon_leon",0,"human","footstep",25,250,130,,,3,2,1,,,,,,,,,,"LeonTutorial",,,,,,4,2,3
"Rosa",,,"rosa","RosaWeapon","RosaUlti",,770,5400,,,,,,,,12,,97,100,"Hero",,"RosaDefault",,,,,,,"takedamage_gen","death_rosa","Gen_move_fx","reload_rosa","No_ammo_shotgungirl","dry_fire_barkeep",,,,,,,,,,,"Rosa_kill","Rosa_lead","Rosa_start","Rosa_ulti_vo","Rosa_hurt","Rosa_die",,50,,80,80,,,35,110,100,245,80,150,240,,,,,50,145,"Medium",-55,,400,,,"TID_ROSA",,"sc/ui.sc","hero_icon_rosa",0,"human","footstep",30,400,130,,,3,2,1,,,,,,,,,,,,,,,,3,5,1
"Whirlwind",,,"carl","WhirlwindWeapon","WhirlwindUlti",,720,4400,,,,,,,,12,,105,57,"Hero",,"WhirlwindDefault",,,,,,,"takedamage_gen","death_whirlwind","Gen_move_fx","reload_whirlwind","No_ammo_shotgungirl","Dry_fire_whirlwind",,"carl_def_ulti_hit",,,,,,,,,"Carl_kill_vo","Carl_lead_vo","Carl_start_vo","Carl_ulti_vo","Carl_hurt_vo","Carl_die_vo","Carl_atk_vo",30,,80,80,,,35,110,190,255,80,150,230,,,,-20,60,120,"Medium",-48,,450,,,"TID_WHIRLWIND",,"sc/ui.sc","hero_icon_carl",0,"human",,25,50,200,"TRUE","TRUE",1,3,2,,,,,,,,,,,,,,,,3,3,3
"Baseball",,,"bibi","BaseballWeapon","BaseballUlti",,820,3800,,,,,,,,12,,110,112,"Hero",,"BaseballDefault",,,,,,,"takedamage_gen","death_baseball","Gen_move_fx","reload_baseball","No_ammo_shotgungirl","dry_fire_barkeep",,"bibi_def_atk_hit",,,,,,,,,"Bibi_kill_vo","Bibi_lead_vo","Bibi_start_vo","Bibi_ulti_vo","Bibi_hurt_vo","Bibi_die_vo",,30,,80,80,,,35,116,210,320,90,190,270,,,,,60,120,"Medium",-48,,450,,,"TID_BASEBALL",,"sc/ui.sc","hero_icon_bibi",0,"human","footstep",25,400,100,,,1,3,2,,,,,,,,,,,,,,,,3,3,3
"Arcade",,,"8bit","ArcadeWeapon","ArcadeUlti",,580,4300,,,,,,,,12,,106,100,"Hero",,"ArcadeDefault",,,,,,,"takedamage_gen","death_arcade","Gen_move_fx","reload_arcade","No_ammo_shotgungirl","arcade_dryfire",,,,,,,,,,,"8bit_kill_vo","8bit_lead_vo","8bit_start_vo","8bit_ulti_vo","8bit_hurt_vo","8bit_die_vo",,57,,80,80,,,35,116,240,300,80,210,240,"true",-500,,,80,145,"Medium",-43,,450,,,"TID_ARCADE",,"sc/ui.sc","hero_icon_8bit",0,"human","footstep",30,400,130,,,1,3,2,,,,,,,,,,,,,,,,5,1,3
"Sandstorm",,,"sandy","SandstormWeapon","SandstormUlti",,770,3800,,,,,,,,12,,78,100,"Hero",,"SandstormDefault",,,,,,,"takedamage_gen","death_rosa","Gen_move_fx","reload_sandy","No_ammo_shotgungirl","Dry_fire_sandy",,,,,,,,,,,"Sandy_kill_vo","Sandy_lead_vo","Sandy_start_vo","Sandy_ulti_vo","Sandy_hurt_vo","Sandy_die_vo",,50,,80,80,,,35,116,190,330,80,150,270,,,,-10,30,145,"Medium",-55,,400,,,"TID_SANDSTORM",,"sc/ui.sc","hero_icon_sandy",0,"human","footstep",30,400,130,,,3,2,1,,,,,,,,,,,,,,,,2,2,5
"BeeSniper",,,"bea","BeeSniperWeapon","BeeSniperUlti","BeeSniperSlowPot",720,2400,,,,,,,,12,,178,100,"Hero",,"BeeSniperDefault",,,,,,,"takedamage_gen","death_sniper","Gen_move_fx","reload_bea","No_ammo_bea","Minig_dryfire",,,,,,,,,,,"Bea_Kill_VO","Bea_Lead_VO","Bea_Start_VO","Bea_Ulti_VO","Bea_Hurt_VO","Bea_Die_VO","Bea_Atk_VO",45,50,80,80,,,35,116,200,320,90,190,270,,,,,80,120,"Medium",-46,,450,,,"TID_BEE_SNIPER",,"sc/ui.sc","hero_icon_bea",100,"human","footstep",35,350,160,,,2,3,1,,,,,,,,,,,,,,,,5,2,2
"Mummy",,,"emz","MummyWeapon","MummyUlti",,720,3600,,,,,,,,12,,89,90,"Hero",,"MummyDefault",,,,,,,"takedamage_gen","death_shotgun_girl","Gen_move_fx","Emz_reload","No_ammo_shotgungirl","Emz_dryfire",,,,,,,,,,,"Emz_kill_vo","Emz_lead_vo","Emz_start_vo","Emz_ulti_vo","Emz_hurt_vo","Emz_die_vo","Emz_atk_vo",30,,80,80,,,35,116,210,270,90,175,240,,,,-20,,120,"Medium",-48,,450,,,"TID_MUMMY",,"sc/ui.sc","hero_icon_emz",0,"human","footstep",25,250,200,,,1,3,2,,,,,,,,,,"ShellyTutorial",,,,,,4,2,3
"SpawnerDude",,,"mr.p","SpawnerDudeWeapon","SpawnerDudeUlti",,720,3200,,,,,,,,12,,96,86,"Hero",,"SpawnerDudeDefault",,,,,,,"takedamage_gen","death_artillery_dude","Gen_move_fx","Mrp_Reload","No_ammo_shotgungirl","Mrp_Dryfire",,,,,,,,,,,"Mrp_Kill_VO","Mrp_Lead_VO","Mrp_Lead_VO","Mrp_Ulti_VO","Mrp_Hurt_VO","Mrp_Die_VO","Mrp_Atk_VO",35,75,80,80,,,35,110,240,330,90,175,300,"true",-500,600,-50,80,120,"Medium",-45,,400,,,"TID_SPAWNER_DUDE",,"sc/ui.sc","hero_icon_mrp",500,"human","footstep",30,320,160,,,3,2,1,,,,,,,,,,"PennyTutorial",,,,,,3,2,4
"Speedy",,,"max","SpeedyWeapon","SpeedyUlti",,820,3200,,,,,,,,12,,105,100,"Hero",,"SpeedyDefault",,,,,,,"takedamage_gen","death_gunslinger","Gen_move_fx","reload_max","No_ammo_shotgungirl","dry_fire_max",,,,,,,,,,,"Max_Kill_VO","Max_Lead_VO","Max_Start_VO","Max_Ulti_VO","Max_Hurt_VO","Max_Die_VO",,35,,80,80,,,35,116,210,284,90,185,270,,,,-20,40,120,"Medium",-52,,400,,,"TID_SPEEDY",,"sc/ui.sc","hero_icon_max",300,"human","footstep",25,300,160,,,2,3,1,,,,,,,,,,"ColtTutorial",,,,,,2,2,5
"Homer",,"true","homer","HomerWeapon","HomerUlti",,720,2500,,,,,,,,12,,75,100,"Hero",,"HomerDefault",,,,,,,"takedamage_gen","death_sniper","Gen_move_fx","reload_sniper","No_ammo_shotgungirl","Minig_dryfire",,,,,,,,,,,,,,,,,,45,,80,80,,,35,116,200,320,90,190,260,,,,,,120,"Medium",-46,,450,,,"TID_HOMER",,"sc/ui.sc","hero_icon_piper",100,"human","footstep",25,400,160,,,2,3,1,,,,,,,,,,,,,,,,,,
"Driller",,,"jacky","DrillerWeapon","DrillerUlti",,770,5000,,,,,,,,12,,84,100,"Hero",,"DrillerDefault",,,,,,,"takedamage_gen","death_shotgun_girl","Gen_move_fx","reload_jackie","No_ammo_shotgungirl","Jackie_dryfire",,,,,,,,,,,"Jackie_Kill_VO","Jackie_Lead_VO","Jackie_Start_VO","Jackie_Ulti_VO","Jackie_Hurt_VO","Jackie_Die_VO",,50,,80,80,,,35,130,210,350,90,175,310,,,,,,120,"Medium",-59,,450,,,"TID_DRILLER",,"sc/ui.sc","hero_icon_jacky",400,"human","footstep",25,300,130,,,1,2,3,,,,,,,,,,"TaraTutorial",,,,,,2,5,2
"Blower",,,"gale","BlowerWeapon","BlowerUlti",,720,3400,,,,,,,,12,,120,500,"Hero",,"BlowerDefault",,,,,,,"takedamage_gen","death_shotgun_girl","Gen_move_fx","reload_gale","No_ammo_shotgungirl","gale_dryfire",,,,,,,,,,,"Gale_Kill_VO","Gale_Lead_VO","Gale_Start_VO","Gale_Ulti_VO","Gale_Hurt_VO","Gale_Die_VO",,50,,80,80,,,35,120,210,300,90,175,270,,,,,50,120,"Medium",-59,,450,,,"TID_BLOWER",,"sc/ui.sc","hero_icon_gale",400,"human","footstep",25,300,130,,,1,2,3,,,,,,,,,,"TaraTutorial",,,,,,2,2,5
"Controller",,,"nani","ControllerWeapon","ControllerUlti",,720,2600,,,,,,,,12,,75,50,"Hero",,"ControllerDefault",,,,,,,"takedamage_gen","death_shotgun_girl","Gen_move_fx","Nani_Reload","No_ammo_shotgungirl","Nani_Dryfire",,,,,,,,,,,"Nani_Kill_VO","Nani_Lead_VO","Nani_Start_VO","Nani_Ulti","Nani_Hurt_VO","Nani_Die_VO",,50,,80,80,,,35,100,210,300,90,175,270,,,,-260,100,120,"Medium",-59,,250,,,"TID_CONTROLLER",,"sc/ui.sc","hero_icon_nani",400,"human","footstep",25,300,130,,,1,2,3,,,,,,,,,,"TaraTutorial",,,,,,5,1,3
"Wally",,,"sprout","WallyWeapon","WallyUlti",,720,3000,,,,,,,,12,,86,100,"Hero",,"WallyDefault",,,,,,,"takedamage_gen","death_shotgun_girl","Gen_move_fx","reload_sprout","No_ammo_shotgungirl","sprout_dryfire",,,,,,,,,,,"Sprout_Kill_VO","Sprout_Lead_VO","Sprout_Start_VO","Sprout_Ulti_VO","Sprout_Hurt_VO","Sprout_Die_VO",,50,,80,80,,,35,120,210,300,90,175,270,,,,,140,120,"Medium",-59,,450,,,"TID_WALLY",,"sc/ui.sc","hero_icon_sprout",400,"human","footstep",25,300,130,,,1,2,3,,,,,,,,,,"TaraTutorial",,,,,,3,2,4
"PowerLeveler",,,"surge","PowerLevelerWeapon","PowerLevelerUlti",,650,2800,,,,,,,,12,,120,134,"Hero",,"PowerLevelerDefault",,,,,,,"takedamage_gen","death_artillery_dude","Gen_move_fx","Surge_Reload","No_ammo_shotgungirl","Surge_Dryfire",,,,,,,,,,,"Surge_Kill_VO","Surge_Lead_VO","Surge_Start_VO","Surge_Ulti_VO","Surge_Hurt_VO","Surge_Die_VO","Surge_Atk_VO",35,,80,80,,,35,90,190,200,80,150,200,,,600,,,120,"Medium",-45,,400,,,"TID_POWER_LEVELER",,"sc/ui.sc","hero_icon_surge",500,"human","footstep",20,200,160,,,3,2,1,,,,,,,,,,"PennyTutorial",,,,,"true",5,3,1
"Percenter",,,"colette","PercenterWeapon","PercenterUlti",,720,3200,,,,,,,,12,,100,100,"Hero",,"PercenterDefault",,,,,,,"takedamage_gen","death_mechanic","Gen_move_fx","reload_mechanic","No_ammo_shotgungirl","dry_fire_mechanic",,,,,,,,,,,"Colette_Kill_VO","Colette_Lead_VO","Colette_Start_VO","Colette_Ulti_VO","Colette_Hurt_VO","Colette_Die_VO",,35,,80,80,,,35,116,210,284,90,175,260,,,,-25,40,120,"Medium",-48,,400,,,"TID_PERCENTER",,"sc/ui.sc","hero_icon_colette",500,"human","footstep",40,300,160,,,3,2,1,,,,,,,,,,"PennyTutorial",,,,,,4,2,3
"FireDude",,"true","shelly","ShotgunGirlWeapon","ShotgunGirlUlti",,720,3800,,,,,,,,12,,134,112,"Hero",,"BanditGirlDefault",,,,,,,"takedamage_gen","death_shotgun_girl","Gen_move_fx","reload_shotgun_girl","No_ammo_shotgungirl","Dry_fire_shotgungirl",,,,,,,,,,,"Shelly_Kill","Shelly_Lead","Shelly_Start","Utilshotgun_Vo","ShellyTakedamge_Vo","Shelly_Die",,30,,80,80,,,35,116,210,284,90,175,260,,,,-25,40,120,"Medium",-48,,450,,,"TID_SHOTGUN_GIRL",,"sc/ui.sc","hero_icon_shelly",1000,"human","footstep",25,250,200,,,1,3,2,,,,,,,,,,"ShellyTutorial",,,,,,4,3,2
"TutorialDummy",,,,,,,0,700,,,,,,,,12,,,,"Minion_Building",,"MeleeBotDefault",,,,,,,"takedamage_gen","nuts_bolts_metal_explosion","Gen_move_fx",,"No_ammo_shotgungirl",,"tutorial_robo_spawn",,,,,,,,,,,,,,,,,35,,80,80,,,35,140,,,,,,,,,,,145,"Medium",-60,,350,,,,,,,,,"footstep",25,400,160,,,,,,,,,,,,,,,,,,,,,,,
"TutorialDummy2",,,,,,,0,700,,,,,,,,12,,,,"Minion_Building_charges_ulti",,"MeleeBotDefault",,,,,,,"takedamage_gen","nuts_bolts_metal_explosion","Gen_move_fx",,,,"tutorial_robo_spawn",,,,,,,,,,,,,,,,,35,,80,80,,,35,140,,,,,,,,,,,145,"Medium",-60,,350,,,,,,,,,"footstep",25,400,160,,,,,,,,,,,,,,,,,,,,,,,
"MechanicTurret",,,,,,,0,3000,,300,260,,,30,"MechanicTurretProjectile",27,,,,"Minion_Building",,"TurretDefault",,,,,,,"nuts_bolts_metal_small","nuts_bolts_metal_explosion",,,,,"SpawnTurret",,"jessie_def_turret_atk",,,,,,,,,,,,,,,35,,75,75,,,25,116,220,297,,,,,1000,-400,,,120,"Medium",-32,,220,,,,,,,,,"footstep",25,400,160,,,,,,,,,,,,,,,,,,,,,,,
"HealingStation",,,,,,,0,2800,,,,,,,,12,,,,"Minion_Building",,"HealstationDefault",,,,,"HealingStationHeal",,"nuts_bolts_metal_small","nuts_bolts_metal_explosion",,,,,"pam_def_ulti_spawn",,,,,,,,,,,,,,,,,,,75,75,,,25,110,100,200,,,,,1400,-500,,,120,"Medium",-49,,300,,,,,,,,,"footstep",25,400,160,,,,,,,,,,,,,,,,,,,,,,,
"Safe",,,,,,,0,32000,,700,,,,,,20,,,,"Pvp_Base",,"Safe",,,,,,,"nuts_bolts_metal_small","safe_explosion",,,,,,,,,,,,,,,,,,,,,,,,100,-100,0,0,0,84,,,,,,,,,,,160,"Medium",-75,,300,,,,,,,,,"footstep",25,400,160,,,,,,,,,,,,,,,,,,,,,,,
"ExplodingBarrel",,,,,,,0,12000,,,,,,,,,,,,"Minion_Building",,,"sc/level.sc","tnt_box","tnt_box","tnt_box_shadow",,"ExplodingBarrelExplosion",,,,,,,,,,,,,,,,,,,,,,,,35,,100,-100,0,0,0,95,,,,,,,,,,,145,"Medium",-59,,350,,,,,,,,,"footstep",25,400,160,,,,,,,,,,,,,,,,,,,,,,,
"PoisonBarrel",,,,,,,0,2,,,,,,,,,,,,"Minion_Building",,"Safe",,,,,,"PoisonBarrelExplosion",,,,,,,,,,,,,,,,,,,,,,,,35,,80,80,,,35,106,,,,,,,,,,,145,,0,,350,,,,,,,,,"footstep",25,400,160,,,,,,,,,,,,,,,,,,,,,,,
"ShamanPet",,,,,,,610,4000,,600,400,,,,,6,,,,"Minion_FindEnemies",,"ShamanBearDefault",,,,,,,,"death_bull_dude","Gen_move_fx",,,,"nita_def_ulti_spawn",,"bear_attack",,,,,,,,,,,,,,,30,,85,80,,,25,106,200,280,,,,,500,-1250,,,145,"Medium",-63,,100,,,,,,,,,"footstep",25,250,160,,,,,,,,,,,,,,,,,,,,,,,
"BoneThrowerPet",,,,,,,870,4000,,300,600,,,,,6,1200,,,"Minion_Dog",,"ShamanBearDefault",,,,,,,,"death_bull_dude","Gen_move_fx",,,,"nita_def_ulti_spawn",,"bear_attack",,,,,,,,,,,,,,,30,,85,80,,,25,84,,,,,,,,,,,120,"Medium",-43,,,,,,,,,,,"footstep",25,250,160,,,,,,,,,,,,,,,,,,,,,,,
"LaserBall",,,,,,,0,1,,,,,,,,,,,,"LaserBall",,"BallDefault",,,,,,,,"laser_ball_goal",,,,,,,,,,,,,,,,,,,,,,,,80,80,,,25,179,,,,,,,,,,,120,,0,,,,,,,,,,,,,,160,,,,,,,,,,,,,,,,,,,,,,,
"LootBox",,,,,,,0,4300,,,,,,,,,,,,"LootBox",,"LootBox",,,,,,,,"Gen_wood_explosion",,,,,,,,,,,,,,,,,,,,,,35,,100,-100,0,0,0,95,,,,,,,,,,,145,"Medium",-40,,350,,,,,,,,,"footstep",25,400,160,,,,,,,,,,,,,,,,,,,,,,,
"TutorialDummy3",,,,,,,0,4000,,,,,,,,12,,,,"Minion_Building_charges_ulti",,"BossBotDefault",,,,,,,"takedamage_gen","boss_explosion","Gen_move_fx",,,,"tutorial_robo_spawn",,,,,,,,,,,,,,,,,35,,80,80,,,35,200,,,,,,,,,,,145,"Medium",-75,,350,,,,,,,,,"footstep",25,400,160,,,,,,,,,,,,,,,,,,,,,,,
"ArtilleryDudeTurret",,,,,,,0,2800,,2500,1200,,,,"ArtilleryDudeTurretProjectile",40,,,,"Minion_Building",,"ArtilleryTurretDefault",,,,,,,"nuts_bolts_metal_small","nuts_bolts_metal_explosion",,,,,"penny_def_ulti_spawn",,"penny_def_turret_atk",,,,,,,,,,,,,,,35,,75,75,,,25,116,180,243,,,,,1000,-1400,,,120,"Medium",-32,,150,,,,,,,,,"footstep",25,400,160,,,,,,,,,,,,,,,,,,,,,,,
"CoopMeleeEnemy1",,,,,,,600,4800,,400,260,,,,,5,,,,"Minion_FindEnemies",,"MeleeBotDefault",,,,,,,"nuts_bolts_metal_small","nuts_bolts_metal_explosion","Gen_move_fx",,,,"robo_spawn",,"coop_melee_attack",,,,,,,,,,,,,,,30,70,85,80,,,25,127,200,270,,,,,,,,,120,"Medium",-54,,,,,,,,,,,"footstep",25,250,130,,,,,,,,,,,,,,,,,,,,,,,
"CoopMeleeEnemy2",,,,,,,600,6800,,400,470,,,,,5,,,,"Minion_FindEnemies",,"MeleeBotDefault",,,,,,,"nuts_bolts_metal_small","nuts_bolts_metal_explosion","Gen_move_fx",,,,"robo_spawn",,"coop_melee_attack",,,,,,,,,,,,,,,30,70,85,80,,,25,148,200,270,,,,,,,,,145,"Medium",-59,,,,,,,,,,,"footstep",25,250,130,,,,,,,"true",30,,30,255,120,255,,,,,,,,,,
"CoopMeleeEnemy3",,,,,,,600,11000,,400,600,,,,,6,,,,"Minion_FindEnemies",,"MeleeBotDefault",,,,,,,"nuts_bolts_metal_small","nuts_bolts_metal_explosion","Gen_move_fx",,,,"robo_spawn",,"coop_melee_attack",,,,,,,,,,,,,,,30,70,85,80,,,25,169,200,270,,,,,,,,,170,"Medium",-65,,,,,,,,,,,"footstep",25,250,130,,,,,,,"true",100,,,255,140,140,,,,,,,,,,
"CoopMeleeEnemy4",,,,,,,600,16200,,400,730,,,,,6,,,,"Minion_FindEnemies",,"MeleeBotDefault",,,,,,,"nuts_bolts_metal_small","nuts_bolts_metal_explosion","Gen_move_fx",,,,"robo_spawn",,"coop_melee_attack",,,,,,,,,,,,,,,30,70,85,80,,,25,190,200,270,,,,,,,,,195,"Medium",-70,,,,,,,,,,,"footstep",25,250,130,,,,,,,"true",150,100,,255,255,180,,,,,,,,,,
"CoopFastMeleeEnemy1",,,,,,,900,3000,,600,400,,,,,5,,,,"Minion_FindEnemies",,"MeleeFastBotDefault",,,,,,,"nuts_bolts_metal_small","nuts_bolts_metal_explosion","Gen_move_fx",,,,"robo_spawn",,"coop_fast_melee_attack",,,,,,,,,,,,,,,30,,85,80,,,25,106,200,270,,,,,,,,,100,"Medium",-43,,,,,,,,,,,"footstep",25,250,130,,,,,,,,,,,,,,,,,,,,,,,
"CoopFastMeleeEnemy2",,,,,,,900,5400,,600,720,,,,,5,,,,"Minion_FindEnemies",,"MeleeFastBotDefault",,,,,,,"nuts_bolts_metal_small","nuts_bolts_metal_explosion","Gen_move_fx",,,,"robo_spawn",,"coop_fast_melee_attack",,,,,,,,,,,,,,,30,,85,80,,,25,127,200,270,,,,,,,,,120,"Medium",-49,,,,,,,,,,,"footstep",25,250,130,,,,,,,"true",30,,30,255,120,255,,,,,,,,,,
"CoopFastMeleeEnemy3",,,,,,,900,6900,,600,920,,,,,6,,,,"Minion_FindEnemies",,"MeleeFastBotDefault",,,,,,,"nuts_bolts_metal_small","nuts_bolts_metal_explosion","Gen_move_fx",,,,"robo_spawn",,"coop_fast_melee_attack",,,,,,,,,,,,,,,30,,85,80,,,25,148,200,270,,,,,,,,,140,"Medium",-54,,,,,,,,,,,"footstep",25,250,130,,,,,,,"true",100,,,255,140,140,,,,,,,,,,
"CoopFastMeleeEnemy4",,,,,,,900,10080,,600,1120,,,,,6,,,,"Minion_FindEnemies",,"MeleeFastBotDefault",,,,,,,"nuts_bolts_metal_small","nuts_bolts_metal_explosion","Gen_move_fx",,,,"robo_spawn",,"coop_fast_melee_attack",,,,,,,,,,,,,,,30,,85,80,,,25,169,200,270,,,,,,,,,160,"Medium",-59,,,,,,,,,,,"footstep",25,250,130,,,,,,,"true",150,100,,255,255,180,,,,,,,,,,
"CoopRangedEnemy1",,,,,,,750,2000,,1400,630,,,30,"CoopRangedEnemyProjectile",27,,,,"Minion_FindEnemies",,"RangedBotDefault",,,,,,,"nuts_bolts_metal_small","nuts_bolts_metal_explosion","Gen_move_fx",,,,"robo_spawn",,"coop_ranged_attack",,,,,,,,,,,,,,,30,,85,80,,,25,127,200,270,,,,,,,,,100,"Medium",-49,,350,,,,,,,,,"footstep",25,250,130,,,,,,,,,,,,,,,,,,,,,,,
"CoopRangedEnemy2",,,,,,,750,3600,,1400,1130,,,30,"CoopRangedEnemyProjectile",27,,,,"Minion_FindEnemies",,"RangedBotDefault",,,,,,,"nuts_bolts_metal_small","nuts_bolts_metal_explosion","Gen_move_fx",,,,"robo_spawn",,"coop_ranged_attack",,,,,,,,,,,,,,,30,,85,80,,,25,148,200,270,,,,,,,,,120,"Medium",-54,,350,,,,,,,,,"footstep",25,250,130,,,,,,,"true",30,,30,255,120,255,,,,,,,,,,
"CoopRangedEnemy3",,,,,,,750,4600,,1400,1450,,,30,"CoopRangedEnemyProjectile",27,,,,"Minion_FindEnemies",,"RangedBotDefault",,,,,,,"nuts_bolts_metal_small","nuts_bolts_metal_explosion","Gen_move_fx",,,,"robo_spawn",,"coop_ranged_attack",,,,,,,,,,,,,,,30,,85,80,,,25,169,200,270,,,,,,,,,140,"Medium",-59,,350,,,,,,,,,"footstep",25,250,130,,,,,,,"true",100,,,255,140,140,,,,,,,,,,
"CoopRangedEnemy4",,,,,,,750,6700,,1400,1760,,,30,"CoopRangedEnemyProjectile",27,,,,"Minion_FindEnemies",,"RangedBotDefault",,,,,,,"nuts_bolts_metal_small","nuts_bolts_metal_explosion","Gen_move_fx",,,,"robo_spawn",,"coop_ranged_attack",,,,,,,,,,,,,,,30,,85,80,,,25,190,200,270,,,,,,,,,160,"Medium",-65,,350,,,,,,,,,"footstep",25,250,130,,,,,,,"true",150,100,,255,255,180,,,,,,,,,,
"TntPet",,,,,,,770,2400,,600,400,,,30,"ShotgunGirlPetProjectile",22,320,,,"Minion_FollowOwner",,"TntPetDefault",,,,,,,,"death_shotgun_girl","Gen_move_fx",,,,,,"bear_attack",,,,,,,,,,,,,,,30,,85,80,,,25,43,200,270,,,,,,,,,90,"Medium",-11,,350,,,,,,,,,"footstep",25,250,160,,,,,,,,,,,,,,,,,,,,,,,
"BlackHolePet",,,,,,,870,3000,,600,800,,,,,5,,,,"Minion_FindEnemies",,"BlackholePetDefault",,,,,,,,"death_shotgun_girl",,,,,"tara_def_ulti_starPower_spawn",,"bear_attack",,,,,,"sparkle_trail_dark_minion",,,,,,,,,30,,85,80,,,25,95,200,270,,,,,,,,,90,"Medium",-43,,350,,,,,,,,,,25,250,160,,,,,,,,,,,,,,,,,,,,,,,
"CoopBoss1",,,,"BossRapidFire","BossCharge",,600,45000,,400,600,,,,,8,,,,"Npc_Boss",,"BigBotDefault",,,,,,,"nuts_bolts_metal_small","boss_explosion","Gen_move_fx",,,,"robo_spawn",,"coop_melee_attack",,,,,,,,,,,,,,,30,150,85,80,,,25,250,200,270,,,,,,,,,220,"Medium",-100,,500,,,,,,,,,"footstep",60,400,160,,,,,,,,,,,,,,,,,,,,,,,
"CoopBoss2",,,,"BossRapidFire2","BossCharge",,600,55000,,400,640,,,,,9,,,,"Npc_Boss",,"BigBotDefault",,,,,,,"nuts_bolts_metal_small","boss_explosion","Gen_move_fx",,,,"robo_spawn",,"coop_melee_attack",,,,,,,,,,,,,,,30,150,85,80,,,25,300,200,270,,,,,,,,,250,"Medium",-120,,500,,,,,,,,,"footstep",60,400,160,,,,,,,"true",30,,30,255,120,255,,,,,,,,,,
"CoopBoss3",,,,"BossRapidFire3","BossCharge",,600,65000,,400,680,,,,,9,,,,"Npc_Boss",,"BigBotDefault",,,,,,,"nuts_bolts_metal_small","boss_explosion","Gen_move_fx",,,,"robo_spawn",,"coop_melee_attack",,,,,,,,,,,,,,,30,150,85,80,,,25,350,200,270,,,,,,,,,280,"Medium",-140,,500,,,,,,,,,"footstep",60,400,160,,,,,,,"true",100,,,255,140,140,,,,,,,,,,
"TutorialExplodingBarrel",,,,,,,0,300,,,,,,,,,,,,"Minion_Building",,"TntBox",,,,,,"ExplodingBarrelExplosion",,,,,,,,,,,,,,,,,,,,,,,,35,,100,-100,0,0,0,95,,,,,,,,,,,145,,-59,,350,,,,,,,,,"footstep",25,400,160,,,,,,,,,,,,,,,,,,,,,,,
"EventModifierBoss",,,,,,,600,22800,,400,400,,,,,7,,,,"Minion_FindEnemies2",,"BigBotDefault",,,,,,,"nuts_bolts_metal_small","boss_explosion","Gen_move_fx",,,,"robo_spawn",,"coop_melee_attack",,,,,,,,,,,,,,,35,,85,80,,,25,250,200,270,,,,,,,,,220,"Medium",-100,,,,,,,,,,,"footstep",25,250,160,,,,,,,,,,,,,,,,,,,,,,,
"RaidBoss",,,,"RaidBossRapidFire","RaidBossCharge",,550,250000,,400,800,,,,,9,,,,"Npc_Boss",,"BossBotDefault",,,,,,,"nuts_bolts_metal_small","boss_explosion","Gen_move_fx",,,,"robo_spawn",,"coop_melee_attack",,,,,,,,,,,,,,,30,150,85,80,,,25,300,200,270,,,,,,,,,280,"Medium",-130,,500,,,,,,,,,"footstep",60,400,160,,,,,,,,,,,,,,,,,,,,,,,
"RaidBossMeleeEnemy1",,,,,,,650,3600,,400,260,,,,,5,,,,"Minion_FindEnemies",,"MeleeBotDefault",,,,,,,"nuts_bolts_metal_small","nuts_bolts_metal_explosion","Gen_move_fx",,,,"robo_spawn",,"coop_melee_attack",,,,,,,,,,,,,,,30,70,85,80,,,25,127,200,270,,,,,,,,,120,"Medium",-54,,,,,,,,,,,"footstep",25,250,130,,,,,,,,,,,,,,,,,,,,,,,
"RaidBossMeleeEnemy2",,,,,,,650,5100,,400,470,,,,,5,,,,"Minion_FindEnemies",,"MeleeBotDefault",,,,,,,"nuts_bolts_metal_small","nuts_bolts_metal_explosion","Gen_move_fx",,,,"robo_spawn",,"coop_melee_attack",,,,,,,,,,,,,,,30,70,85,80,,,25,148,200,270,,,,,,,,,145,"Medium",-59,,,,,,,,,,,"footstep",25,250,130,,,,,,,"true",30,,30,255,120,255,,,,,,,,,,
"RaidBossMeleeEnemy3",,,,,,,650,8250,,400,600,,,,,6,,,,"Minion_FindEnemies",,"MeleeBotDefault",,,,,,,"nuts_bolts_metal_small","nuts_bolts_metal_explosion","Gen_move_fx",,,,"robo_spawn",,"coop_melee_attack",,,,,,,,,,,,,,,30,70,85,80,,,25,169,200,270,,,,,,,,,170,"Medium",-65,,,,,,,,,,,"footstep",25,250,130,,,,,,,"true",100,,,255,140,140,,,,,,,,,,
"RaidBossMeleeEnemy4",,,,,,,650,12150,,400,730,,,,,6,,,,"Minion_FindEnemies",,"MeleeBotDefault",,,,,,,"nuts_bolts_metal_small","nuts_bolts_metal_explosion","Gen_move_fx",,,,"robo_spawn",,"coop_melee_attack",,,,,,,,,,,,,,,30,70,85,80,,,25,190,200,270,,,,,,,,,195,"Medium",-70,,,,,,,,,,,"footstep",25,250,130,,,,,,,"true",150,100,,255,255,180,,,,,,,,,,
"RaidBossFastMeleeEnemy1",,,,,,,950,2250,,600,400,,,,,5,,,,"Minion_FindEnemies",,"MeleeFastBotDefault",,,,,,,"nuts_bolts_metal_small","nuts_bolts_metal_explosion","Gen_move_fx",,,,"robo_spawn",,"coop_fast_melee_attack",,,,,,,,,,,,,,,30,,85,80,,,25,106,200,270,,,,,,,,,100,"Medium",-43,,,,,,,,,,,"footstep",25,250,130,,,,,,,,,,,,,,,,,,,,,,,
"RaidBossFastMeleeEnemy2",,,,,,,950,4050,,600,720,,,,,5,,,,"Minion_FindEnemies",,"MeleeFastBotDefault",,,,,,,"nuts_bolts_metal_small","nuts_bolts_metal_explosion","Gen_move_fx",,,,"robo_spawn",,"coop_fast_melee_attack",,,,,,,,,,,,,,,30,,85,80,,,25,127,200,270,,,,,,,,,120,"Medium",-49,,,,,,,,,,,"footstep",25,250,130,,,,,,,"true",30,,30,255,120,255,,,,,,,,,,
"RaidBossFastMeleeEnemy3",,,,,,,950,5175,,600,920,,,,,6,,,,"Minion_FindEnemies",,"MeleeFastBotDefault",,,,,,,"nuts_bolts_metal_small","nuts_bolts_metal_explosion","Gen_move_fx",,,,"robo_spawn",,"coop_fast_melee_attack",,,,,,,,,,,,,,,30,,85,80,,,25,148,200,270,,,,,,,,,140,"Medium",-54,,,,,,,,,,,"footstep",25,250,130,,,,,,,"true",100,,,255,140,140,,,,,,,,,,
"RaidBossFastMeleeEnemy4",,,,,,,950,7560,,600,1120,,,,,6,,,,"Minion_FindEnemies",,"MeleeFastBotDefault",,,,,,,"nuts_bolts_metal_small","nuts_bolts_metal_explosion","Gen_move_fx",,,,"robo_spawn",,"coop_fast_melee_attack",,,,,,,,,,,,,,,30,,85,80,,,25,169,200,270,,,,,,,,,160,"Medium",-59,,,,,,,,,,,"footstep",25,250,130,,,,,,,"true",150,100,,255,255,180,,,,,,,,,,
"RaidBossRangedEnemy1",,,,,,,800,1500,,1400,630,,,40,"RaidBossRangedEnemyProjectile",27,,,,"Minion_FindEnemies",,"RangedBotDefault",,,,,,,"nuts_bolts_metal_small","nuts_bolts_metal_explosion","Gen_move_fx",,,,"robo_spawn",,"coop_ranged_attack",,,,,,,,,,,,,,,30,,85,80,,,25,127,200,270,,,,,,,,,100,"Medium",-49,,350,,,,,,,,,"footstep",25,250,130,,,,,,,,,,,,,,,,,,,,,,,
"RaidBossRangedEnemy2",,,,,,,800,2700,,1400,1130,,,40,"RaidBossRangedEnemyProjectile",27,,,,"Minion_FindEnemies",,"RangedBotDefault",,,,,,,"nuts_bolts_metal_small","nuts_bolts_metal_explosion","Gen_move_fx",,,,"robo_spawn",,"coop_ranged_attack",,,,,,,,,,,,,,,30,,85,80,,,25,148,200,270,,,,,,,,,120,"Medium",-54,,350,,,,,,,,,"footstep",25,250,130,,,,,,,"true",30,,30,255,120,255,,,,,,,,,,
"RaidBossRangedEnemy3",,,,,,,800,3450,,1400,1450,,,40,"RaidBossRangedEnemyProjectile",27,,,,"Minion_FindEnemies",,"RangedBotDefault",,,,,,,"nuts_bolts_metal_small","nuts_bolts_metal_explosion","Gen_move_fx",,,,"robo_spawn",,"coop_ranged_attack",,,,,,,,,,,,,,,30,,85,80,,,25,169,200,270,,,,,,,,,140,"Medium",-59,,350,,,,,,,,,"footstep",25,250,130,,,,,,,"true",100,,,255,140,140,,,,,,,,,,
"RaidBossRangedEnemy4",,,,,,,800,5040,,1400,1760,,,40,"RaidBossRangedEnemyProjectile",27,,,,"Minion_FindEnemies",,"RangedBotDefault",,,,,,,"nuts_bolts_metal_small","nuts_bolts_metal_explosion","Gen_move_fx",,,,"robo_spawn",,"coop_ranged_attack",,,,,,,,,,,,,,,30,,85,80,,,25,190,200,270,,,,,,,,,160,"Medium",-65,,350,,,,,,,,,"footstep",25,250,130,,,,,,,"true",150,100,,255,255,180,,,,,,,,,,
"RoboWarsBase",,,,,,,0,25000,,500,700,,,,"RoboWarsBaseProjectile",35,,,,"Pvp_Base",,"RoboWarsBaseDefault",,,,,,,"nuts_bolts_metal_small","siege_base_destroyed",,,,,,,"siege_base_attack",,,,,,,,,,,,,,,40,,100,-100,0,0,0,550,,,,,,,,,,,160,"Medium",-75,,300,,,,,,,,,"footstep",25,400,160,,,,,,,,,,,,,,,,,,,,,,,
"RoboWarsBox",,,,,,,0,4000,,,,,,,,,,,,"LootBox",,"RoboWarsBox",,,,,,,,"Gen_wood_explosion",,,,,"robo_wars_box_spawn",,,,,,,,,,,,,,,,,35,,100,-100,0,0,0,,,,,,,,,,,,145,"Medium",-40,,350,,,,,,,,,"footstep",25,400,160,,,,,,,,,,,,,,,,,,,,,,,
"RoboWarsRobo",,,,,,,650,32000,,400,350,,,,,6,,,,"RoboWars",,"BigBotDefault",,,,,,,"nuts_bolts_metal_small","explosion_tnt_dude","Gen_move_fx",,,,"robo_spawn",,"coop_melee_attack",,,,,,,,,,,,,,,35,,85,80,,,25,250,200,270,,,,,,,,,220,"Medium",-100,,,,,,,,,,,"footstep",25,250,160,,,,,,,,,,,,,,,,,,,,,,,
"TrainingDummySmall",,,,,,,0,1500,,,,,,,,12,,,,"Minion_Building_charges_ulti",,"MeleeFastBotDefault",,,,,,,"nuts_bolts_metal_small","nuts_bolts_metal_explosion","Gen_move_fx",,,,"robo_spawn",,,,,,,,,,,,,,,,,35,,80,80,,,35,140,,,,,,,,,,,120,"Medium",-50,,350,,,,,,,,,"footstep",25,400,160,,,,,,,,,,,,,,,,,,,,,,,
"TrainingDummyMedium",,,,,,,0,4000,,,,,,,,12,,,,"Minion_Building_charges_ulti",,"MeleeBotDefault",,,,,,,"nuts_bolts_metal_small","nuts_bolts_metal_explosion","Gen_move_fx",,,,"robo_spawn",,,,,,,,,,,,,,,,,35,,80,80,,,35,140,,,,,,,,,,,120,"Medium",-50,,350,,,,,,,,,"footstep",25,400,160,,,,,,,,,,,,,,,,,,,,,,,
"TrainingDummyBig",,,,,,,0,100000,,,,,,,,12,,,,"Minion_Building_charges_ulti",,"BossBotDefault",,,,,,,"nuts_bolts_metal_small","boss_explosion","Gen_move_fx",,,,"robo_spawn",,,,,,,,,,,,,,,,,35,,80,80,,,35,200,,,,,,,,,,,220,"Medium",-75,,350,,,,,,,,,"footstep",25,400,160,,,,,,,,,,,,,,,,,,,,,,,
"TrainingDummyShooting",,,,,,,0,4000,,1400,500,,,,"CoopRangedEnemyProjectile",20,,,,"Minion_Building_charges_ulti",,"RangedBotDefault",,,,,,,"nuts_bolts_metal_small","nuts_bolts_metal_explosion","Gen_move_fx",,,,"robo_spawn",,"coop_ranged_attack",,,,,,,,,,,,,,,50,,85,80,,,25,127,200,270,,,,,,,,,120,"Medium",-49,,350,,,,,,,,,"footstep",25,250,130,,,,,,,,,,,,,,,,,,,,,,,
"Train0",,,,,,,0,1,,,,,,,,,,,,"Train",,"MineCart",,,,,,,,,"Gen_move_fx",,,,,,,,,,,,,,,,,,,,,,,80,80,,,25,250,,,,,,,,,,,200,,,,,,,,,,,,,,130,50,,,,,,,,,,,,,,,,,,,,,,,,
"Train1",,,,,,,0,1,,,,,,,,,,,,"Train",,"MineCartB",,,,,,,,,"Gen_move_fx",,,,,,,,,,,,,,,,,,,,,,,80,80,,,25,250,,,,,,,,,,,200,,,,,,,,,,,,,,130,50,,,,,,,,,,,,,,,,,,,,,,,,
"Train2",,,,,,,0,1,,,,,,,,,,,,"Train",,"MineCartC",,,,,,,,,"Gen_move_fx",,,,,,,,,,,,,,,,,,,,,,,80,80,,,25,250,,,,,,,,,,,200,,,,,,,,,,,,,,130,50,,,,,,,,,,,,,,,,,,,,,,,,
"Train3",,,,,,,0,1,,,,,,,,,,,,"Train",,"MineCartD",,,,,,,,,"Gen_move_fx",,,,,,,,,,,,,,,,,,,,,,,80,80,,,25,250,,,,,,,,,,,200,,,,,,,,,,,,,,130,50,,,,,,,,,,,,,,,,,,,,,,,,
"Train4",,,,,,,0,1,,,,,,,,,,,,"Train",,"MineCartE",,,,,,,,,"Gen_move_fx",,,,,,,,,,,,,,,,,,,,,,,80,80,,,25,250,,,,,,,,,,,200,,,,,,,,,,,,,,130,50,,,,,,,,,,,,,,,,,,,,,,,,
"ClusterBombPet",,,,,,,1200,1600,,1000,2000,,,,,,,,,"Minion_FindEnemies",,"ClusterBombPetDefault",,,,,,"ClusterBombPetExplosion","nuts_bolts_metal_small","nuts_bolts_metal_explosion",,,,,"tick_def_ulti_spawn",,,,,,,,,,,,,,,,,,,85,80,,,25,150,200,270,,,,,,,,,90,"Medium",-43,,,,,,,,,,,,25,250,,,,,,,,,,,,,,,,,,,,,,,,
"BlackHolePet2",,,,,,,870,2400,,600,400,,,,"BlackHolePet2Projectile",15,,,,"Minion_FindEnemies",,"BlackholePetDefault",,,,,,,,"death_shotgun_girl",,,,,"tara_def_ulti_starPower_spawn",,,,,,,,"sparkle_trail_dark_minion",,,,,,,,,30,,85,80,,,25,95,200,270,,,,,,,,,90,"Medium",-43,,350,,,,,,,,,,25,250,160,,,,,,,,,,,,,,,,,,,,,,,
"MechanicTurretWalking",,"true",,,,,770,2800,,300,240,,,30,"MechanicTurretProjectile",27,,,,"Minion_FollowOwner",,"TurretDefault",,,,,,,"nuts_bolts_metal_small","nuts_bolts_metal_explosion",,,,,"SpawnTurret",,"jessie_def_turret_atk",,,,,,,,,,,,,,,35,,75,75,,,25,116,220,297,,,,,1000,-400,,,120,"Medium",-32,,220,,,,,,,,,"footstep",25,400,160,,,,,,,,,,,,,,,,,,,,,,,
"DamageBooster",,,,,,,0,2800,,,,,,,,12,,,,"Minion_Building",,"DamageBoosterDefault",,,,,"DamageBoost",,"nuts_bolts_metal_small","nuts_bolts_metal_explosion",,,,,"pam_def_ulti_spawn",,,,,,,,,,,,,,,,,,,75,75,,,25,180,220,300,,,,,1400,-500,,,120,"Medium",-49,,300,,,,,,,,,"footstep",25,400,160,,,,,,,,,,,,,,,,,,,,,,,
"BeePet",,"true",,,,,770,2800,,1000,500,3,"Shotgun",50,"BeeProjectile",30,,,,"Minion_FollowOwner",,"TurretDefault",,,,,,,"nuts_bolts_metal_small","nuts_bolts_metal_explosion",,,,,"SpawnTurret",,"jessie_def_turret_atk",,,,,,,,,,,,,,,35,,75,75,,,25,116,220,297,,,,,1000,-400,,,120,"Medium",-32,,220,,,,,,,,,"footstep",25,400,160,,,,,,,,,,,,,,,,,,,,,,,
"BossRaceBoss",,,,"BossRaceBossRapidFire","BossRaceBossCharge",,500,220000,,400,800,,,,,9,,,,"Npc_Boss",,"BossRaceBossDefault",,,,,,,"nuts_bolts_metal_small","boss_explosion","Gen_move_fx",,,,"robo_spawn",,"coop_melee_attack",,,,,,,,,,,,,,,30,150,85,80,,,25,300,200,270,,,,,,,,,280,"Medium",-130,,500,,,,,,,,,"footstep",60,400,160,,,,,,,,,,,,,,,,,,,,,,,
"SpawnerDudeTurret",,,,,,"SpawnerPet",0,2200,,,,,,,,40,,,,"Minion_Building",,"SpawnerDudeTurretDefault",,,,,,,"nuts_bolts_metal_small","nuts_bolts_metal_explosion",,,,,,,,,,,,,,,,,,,,,,35,,75,75,,,25,130,180,243,,,,,1000,-1400,,,120,"Medium",-32,,150,,,,,,,,,"footstep",25,400,160,,,,,,,,,,,,,,,,,,,4,,,,
"SpawnerPet",,,,,,,800,1400,,700,260,,,,"SpawnerPetProjectile",14,,100,,"Minion_FindEnemies",,"SpawnerPetDefault",,,,,,,,"mrp_def_pet_death","Gen_move_fx",,,,"nita_def_ulti_spawn",,,,,,,,,,,,,,,,,30,,85,80,,,25,150,200,280,,,,,500,-1250,,,145,"Medium",-35,,100,,,,,,,,,"footstep",25,250,160,,,,,,,,,,,,,,,,,"true",,,,,,
"ReloadBooster",,"true",,,,,500,500,,,,,,,,12,,,,"Minion_FollowOwner",,"DamageBoosterDefault",,,,,,,"nuts_bolts_metal_small","nuts_bolts_metal_explosion",,,,,"pam_def_ulti_spawn",,,,,,,,,,,,,,,,,,,75,75,,,25,180,220,300,,,,,1400,-500,,,120,"Medium",-49,,300,,,,,,,,,"footstep",25,400,160,,,,,,,,,,,,,,,,,,,,,,,
"CaptureFlag",,,,,,,0,150,,,,,,,,,,,,"CaptureFlag",,"CtfGift",,,,,,,,"mode_gift_goal",,"mode_gift_destoryed",,,,,,,,,,,,,,,,,,,,,,80,80,,,25,179,,,,,,,,,,,140,"Medium",-30,,,,,,,,,,,,,,160,,,,,,,,,,,,,,,,,,,,,,,
"Bee",,,,,,,0,1,,,,,,,,,,,,"Minion_FollowOwner",,"BeeSniperDefaultAddonBee",,,,,,,,,,,,,,,,,,,,,,,,,,,,,,,,80,80,,,25,116,200,320,90,190,270,,,,,,,,,,,,,,,,,,,,,,,,,,,,,,,,,,,,,,,,,,,,,
"NinjaFake",,,,,,,820,3200,,,,,,,,12,,,,"Minion_Mirage",,"NinjaDefault",,,,,,,"takedamage_gen","death_ninja","Gen_move_fx","reload_leon","No_ammo_shotgungirl","Dry_fire_leon",,,,,,,,,,,"Leon_kill_vo","Leon_lead_vo","Leon_start_vo","Leon_ulti_vo","Leon_hurt_vo","Leon_die_vo",,50,,80,80,,,35,116,190,330,80,150,270,,,,,,120,"Medium",-55,,450,,,,,,,,,"footstep",25,250,130,,,3,2,1,,,,,,,,,,"LeonTutorial",,,,,,4,2,3
"BeeSniperSlowPot",,,,,,,0,1000,,,,,,,,12,,,,"Minion_Building",,"BeeSniperSlowPotDefault",,,,,"BeeSniperSlowArea",,"nuts_bolts_metal_small","nuts_bolts_metal_explosion",,,,,"pam_def_ulti_spawn",,,,,,,,,,,,,,,,,,,75,75,,,25,120,220,300,,,,,1400,-500,,,120,"Medium",-49,,300,,,,,,,,,"footstep",25,400,160,,,,,,,,,,,,,,,,,,,,,,,
"BowDudeTotem",,,,,,,0,1000,,,,,,,,12,,,,"Minion_Building",,"BowDudeTotemDefault",,,,,"BowDudeSuperChargeArea",,"nuts_bolts_metal_small","nuts_bolts_metal_explosion",,,,,"pam_def_ulti_spawn",,,,,,,,,,,,,,,,,,,75,75,,,25,120,220,300,,,,,1400,-500,,,120,"Medium",-49,,300,,,,,,,,,"footstep",25,400,160,,,,,,,,,,,,,,,,,,,,,,,
"ControllerAddon",,,,,,,0,1,,,,,,,,,,,,"Minion_FollowOwner",,"ControllerDefaultAddon",,,,,,,,,,,,,,,,,,,,,,,,,,,,,,,,80,80,,,25,116,210,300,90,175,270,,,,,,,,,,,,,,,,,,,,,,,,,,,,,,,,,,,,,,,,,,,,,
"RaidBoss_TownCrush",,,,"BossTownCrushAoE","BossTownCrushCharge",,550,150000,,400,800,,,,"RaidBossTCBasicAttackProjectile",9,,,,"Npc_Boss_TownCrush",,"BossKaijuDefault",,,,,,,"nuts_bolts_metal_small","boss_explosion","Gen_move_fx",,,,"robo_spawn",,"mode_tc_boss_atk_melee",,,,,,,,,,,,,,,30,150,85,80,,,25,100,200,270,,,,,,,,,280,"Medium",-130,,500,,,,,,,,,"footstep",60,400,160,,,,,,,,,,,,,,,,,,,,,,,
